ID,Name,Glottocode,Glottolog_Name,ISO639P3code,Macroarea,Latitude,Longitude,Family,Label,Project,ProjectFile,ProjectName,EntryDate,Comment,Link
p_achineseachi1257,Acehnese,achi1257,Acehnese,ace,Eurasia,3.90757,96.6032,Austronesian,Achinese_achi1257,parabank,Achinese achi1257.txt,,20170718,,https://collectionscanada.gc.ca/obj/s4/f2/dsk2/ftp01/MQ37156.pdf
p_aklanonakla1241,Aklanon,akla1241,Aklanon,akl,Papunesia,11.5543,122.354,Austronesian,Aklanon_akla1241,parabank,Aklanon akla1241.txt,,20170614,,
p_alanganalan1249,Alangan,alan1249,Alangan,alj,Papunesia,13.0982,121.022,Austronesian,Alangan_alan1249,parabank,Alangan alan1249.txt,,20170616,,
p_ampibabolaujeampi1237,Ampibabo,ampi1237,Ampibabo,,Papunesia,,,Austronesian,Ampibabo_Lauje_ampi1237,parabank,Ampibabo Lauje ampi1237.txt,,20161207,,
p_anejomanei1239,Aneityum,anei1239,Aneityum,aty,Papunesia,-20.1864,169.825,Austronesian,Anejom_anei1239,parabank,Anejom anei1239.txt,,20161207,,
p_aniwaaniw1237,Aniwa,aniw1237,Aniwa,,Papunesia,,,Austronesian,Aniwa_aniw1237,parabank,Aniwa aniw1237.txt,,20170514,,
p_anutaanut1237,Anuta,anut1237,Anuta,aud,Papunesia,-11.61,169.85,Austronesian,Anuta_anut1237,parabank,Anuta anut1237.txt,,,,
p_arakiarak1252,Araki,arak1252,Araki,akr,Papunesia,-15.632997,166.952542,Austronesian,Araki_arak1252,parabank,Araki arak1252.txt,,20161205,,
p_arearearea1240,'Are'are,area1240,'Are'are,alu,Papunesia,-9.20699,161.158,Austronesian,'Are'are_area1240,parabank,'Are'are area1240.txt,,20170407,,
p_ariamoukariamouk1240a,Mouk,mouk1240,Mouk,,Papunesia,,,Austronesian,Aria_(Mouk-Aria)_mouk1240a,parabank,Aria (Mouk-Aria) mouk1240a.txt,,,,
p_arosiaros1241,Arosi,aros1241,Arosi,aia,Papunesia,-10.2441,161.432,Austronesian,Arosi_aros1241,parabank,Arosi aros1241.txt,,20170404,,
p_aseraaser1237,Asera,aser1237,Asera,,Papunesia,,,Austronesian,Asera_aser1237,parabank,Asera aser1237.txt,,20161209,,
p_atchinatch1238,Atchin,atch1238,Atchin,,Papunesia,,,Austronesian,Atchin_atch1238,parabank,Atchin atch1238.txt,,20170602,,
p_atoniuabmetouabm1237,Uab Meto,uabm1237,Uab Meto,aoz,Papunesia,-9.77284,124.144,Austronesian,Atoni_(Uab_Meto)_uabm1237,parabank,Atoni (Uab Meto) uabm1237.txt,,20170614,,
p_attaatta1244,Atta,atta1244,Atta,,,,,Austronesian,Atta_atta1244,parabank,Atta atta1244.txt,,,,
p_avatimeavat1244,Avatime,avat1244,Avatime,avn,Africa,6.8688,0.41314,Atlantic-Congo,Avatime_avat1244,parabank,Avatime_avat1244.txt,,20191112,,
p_avavabangasadialectkatb1237,Avava,katb1237,Avava,tmb,Papunesia,-16.2701,167.484,Austronesian,Avava_(Bangasa_Dialect)_katb1237,parabank,Avava (Bangasa Dialect) katb1237.txt,,20171030,,
p_avavakatb1237a,Avava,katb1237,Avava,tmb,Papunesia,-16.2701,167.484,Austronesian,Avava_katb1237a,parabank,Avava katb1237a.txt,,,,
p_avavaniviardialectkatb1237b,Avava,katb1237,Avava,tmb,Papunesia,-16.2701,167.484,Austronesian,Avava_(Niviar_Dialect)_katb1237b,parabank,Avava (Niviar Dialect) katb1237b.txt,,,,
p_ayiwoayiw1239,Äiwoo,ayiw1239,Äiwoo,nfl,Papunesia,-10.282595,166.328715,Austronesian,Ayiwo_ayiw1239,parabank,Ayiwo ayiw1239.txt,,20180416,,
p_bacanesemalaybacanbaca1243,Bacanese Malay,baca1243,Bacanese Malay,btj,Papunesia,-0.62275,127.49,Austronesian,Bacanese_Malay_(Bacan)_baca1243,parabank,Bacanese Malay (Bacan) baca1243.txt,,20170608,Data incomplete and source word list requires interpretation,
p_bahonsuaibaho1237,Bahonsuai,baho1237,Bahonsuai,bsu,Papunesia,-2.22572,121.707,Austronesian,Bahonsuai_baho1237,parabank,Bahonsuai baho1237.txt,,20161209,,
p_balaesangbala1314,Balaesang,bala1314,Balaesang,bls,Papunesia,-0.05644,119.689,Austronesian,Balaesang_bala1314,parabank,Balaesang bala1314.txt,,20161207,,
p_balangaobala1310,Balangao,bala1310,Balangao,blw,Papunesia,17.0994,121.272,Austronesian,Balangao_bala1310,parabank,Balangao bala1310.txt,,,,
p_balinesebali1278,Balinese,bali1278,Balinese,ban,Papunesia,-8.35714,115.075,Austronesian,Balinese_bali1278,parabank,Balinese bali1278.txt,,20170718,,collectionscanada.gc.ca/obj/s4/f2/dsk2/ftp01/MQ37156.pdf
p_banjarbanj1239,Banjar,banj1239,Banjar,bjn,Papunesia,0.747105,115.79,Austronesian,Banjar_banj1239,parabank,Banjar banj1239.txt,,20170718,,collectionscanada.gc.ca/obj/s4/f2/dsk2/ftp01/MQ37156.pdf
p_bannonibann1247,Bannoni,bann1247,Bannoni,bcm,Papunesia,-6.23061,155.128,Austronesian,Bannoni_bann1247,parabank,Bannoni bann1247.txt,,20170614,,
p_barabethanohano1246a,Hano,hano1246,Hano,lml,Papunesia,-15.5432,168.167,Austronesian,Barabet_(Hano)_hano1246a,parabank,Barabet (Hano) hano1246a.txt,,,,
p_bariokelabitbari1288,Bario,bari1288,Bario,,Papunesia,,,Austronesian,Bario_Kelabit_bari1288,parabank,Bario Kelabit bari1288.txt,,20170614,,https://books.google.de/books?id=ScykJxGVNXYC&pg=PA96&lpg=PA96&dq=kelabit+kinship&source=bl&ots=b6oYHySdrG&sig=OqoGIumbOlPCdywSbgn-6LYy82Q&hl=en&sa=X&ved=0ahUKEwif99qo87zUAhWHKVAKHbHbApoQ6AEIKDAA#v=onepage&q=kelabit%20kinship&f=false
p_barokkarubaro1253,Barok,baro1253,Barok,bjk,Papunesia,-3.47672,152.193,Austronesian,Barok_(Karu)_baro1253,parabank,Barok (Karu) baro1253.txt,,20170326,,
p_bataktobabata1289,Batak Toba,bata1289,Batak Toba,bbc,Papunesia,2.35498,99.1761,Austronesian,Batak_Toba_bata1289,parabank,Batak Toba bata1289.txt,,20170718,,collectionscanada.gc.ca/obj/s4/f2/dsk2/ftp01/MQ37156.pdf
p_baujagoibidayuhbaub1235,Bau-Jagoi Bidayuh,baub1235,Bau-Jagoi Bidayuh,sne,Papunesia,1.54467,109.985,Austronesian,Bau-Jagoi_Bidayuh_baub1235,parabank,Bau-Jagoi Bidayuh baub1235.txt,,20170717,,http://amangalui.blogspot.de/2012/02/kinship-in-bidayuh-community.html
p_biakbiak1248,Biak,biak1248,Biak,bhw,Papunesia,-0.9523,135.879,Austronesian,Biak_biak1248,parabank,Biak biak1248.txt,,20170709,,
p_bierebobier1244,Bierebo,bier1244,Bierebo,bnk,Papunesia,-16.6663,168.154,Austronesian,Bierebo_bier1244,parabank,Bierebo bier1244.txt,,,,
p_bignambasbign1238,Big Nambas,bign1238,Big Nambas,nmb,Papunesia,-16.0903,167.239,Austronesian,Big_Nambas_bign1238,parabank,Big Nambas bign1238.txt,,20171026,,
p_bignambasbign1238a,Big Nambas,bign1238,Big Nambas,nmb,Papunesia,-16.0903,167.239,Austronesian,Big_Nambas_bign1238a,parabank,Big Nambas bign1238a.txt,,,,
p_bilibilbilb1241,Bilibil,bilb1241,Bilibil,brz,Papunesia,-5.26505,145.764,Austronesian,Bilibil_bilb1241,parabank,Bilibil bilb1241.txt,,20170614,,
p_binukidtalaandigbinukidbinu1244,Talaandig-Binukid,binu1244,Talaandig-Binukid,bkd,Papunesia,8.15933,124.892,Austronesian,Binukid_(Talaandig-Binukid)_binu1244,parabank,Binukid (Talaandig-Binukid) binu1244.txt,,,,
p_boanosulawesiboan1243,Boano (Sulawesi),boan1243,Boano (Sulawesi),bzl,Papunesia,0.51152,120.992,Austronesian,Boano_(Sulawesi)_boan1243,parabank,Boano (Sulawesi) boan1243.txt,,20161207,,
p_bontokbont1247,Bontok,bont1247,Bontok,bnc,Papunesia,17.09386,121.02662,Austronesian,Bontok_bont1247,parabank,Bontok bont1247.txt,,20170406,,
p_brookespointpalawanobroo1239,Brooke's Point Palawano,broo1239,Brooke's Point Palawano,plw,Papunesia,8.83891,117.871,Austronesian,Brooke's_Point_Palawano_broo1239,parabank,Brooke's Point Palawano broo1239.txt,,20170711,,
p_bruneisabahmalaymalaysaba1263,Brunei-Sabah Malay,saba1263,Brunei-Sabah Malay,msi,Papunesia,4.64808,117.024,Austronesian,Brunei-Sabah_Malay_(Malay)_saba1263,parabank,Brunei-Sabah Malay (Malay) saba1263.txt,,20170406,,
p_buhidbuhi1245,Buhid,buhi1245,Buhid,bku,Papunesia,12.6396,121.21,Austronesian,Buhid_buhi1245,parabank,Buhid buhi1245.txt,,20170616,,
p_bukatbuka1261,Bukat,buka1261,Bukat,bvk,Papunesia,1.29075,113.246,Austronesian,Bukat_buka1261,parabank,Bukat buka1261.txt,,20170614,,
p_bulibuli1256,Buli,buli1256,Buli,,Papunesia,,,Austronesian,Buli_buli1256,parabank,Buli buli1256.txt,,20170612,Data incomplete and source word list requires interpretation,
p_bungkubung1269,Bungku,bung1269,Bungku,bkz,Papunesia,-3.22197,122.212,Austronesian,Bungku_bung1269,parabank,Bungku bung1269.txt,,20161209,,
p_buruindonesiaburu1303,Buru (Indonesia),buru1303,Buru (Indonesia),mhs,Papunesia,-3.43957,126.632,Austronesian,Buru_(Indonesia)_buru1303,parabank,Buru (Indonesia) buru1303.txt,,20170614,,
p_butmasturbutm1237,Farafi,butm1237,Farafi,bnr,Papunesia,-15.3353,167.034,Austronesian,Butmas-Tur_butm1237,parabank,Butmas-Tur butm1237.txt,,20180109,,
p_casigurandumagatagtacasi1235,Casiguran-Nagtipunan Agta,casi1235,Casiguran-Nagtipunan Agta,dgc,Papunesia,16.2176,121.878,Austronesian,Casiguran_Dumagat_Agta_casi1235,parabank,Casiguran Dumagat Agta casi1235.txt,,20170327,,
p_cebuanocebu1242,Cebuano,cebu1242,Cebuano,ceb,Papunesia,8.38799,124.367,Austronesian,Cebuano_cebu1242,parabank,Cebuano cebu1242.txt,,20170614,,
p_centralcagayanagtacent2084,Central Cagayan Agta,cent2084,Central Cagayan Agta,agt,Papunesia,17.9571,121.857,Austronesian,Central_Cagayan_Agta_cent2084,parabank,Central Cagayan Agta cent2084.txt,,2017025,,
p_centralmelanaucent2101,Central Melanau,cent2101,Central Melanau,mel,Papunesia,2.524086,111.346451,Austronesian,Central_Melanau_cent2101,parabank,Central Melanau cent2101.txt,,20170704,,
p_centralsamacent2092,Central Sama,cent2092,Central Sama,sml,Papunesia,7.004574,118.455978,Austronesian,Central_Sama_cent2092,parabank,Central Sama cent2092.txt,,20170714,,http://sinama.org/2014/03/sama-tausug-kinship-terminology/
p_centralsubanensubanungcent2089,Central Subanen,cent2089,Central Subanen,syb,Papunesia,8.12701,123.018,Austronesian,Central_Subanen_(Subanung)_cent2089,parabank,Central Subanen (Subanung) cent2089.txt,,20170406,,
p_centraltagbanwacent2090,Central Tagbanwa,cent2090,Central Tagbanwa,tgt,Papunesia,10.6519,119.338,Austronesian,Central_Tagbanwa_cent2090,parabank,Central Tagbanwa cent2090.txt,,20170718,,
p_chamarrocham1312,Chamorro,cham1312,Chamorro,cha,Papunesia,13.438011,144.74474,Austronesian,Chamarro_cham1312,parabank,Chamarro cham1312.txt,,20170614,,
p_chekeholochek1238,Cheke Holo,chek1238,Cheke Holo,mrn,Papunesia,-8.27055,159.625,Austronesian,Cheke_Holo_chek1238,parabank,Cheke Holo chek1238.txt,,20170531,,
p_chuukesetrukesechuu1238,Chuukese,chuu1238,Chuukese,chk,Papunesia,7.346993,151.598607,Austronesian,Chuukese_(Trukese)_chuu1238,parabank,Chuukese (Trukese) chuu1238.txt,,,,
p_cotabatomanobocota1241,Cotabato Manobo,cota1241,Cotabato Manobo,mta,Papunesia,6.39417,124.234,Austronesian,Cotabato_Manobo_cota1241,parabank,Cotabato Manobo cota1241.txt,,20170703,,
p_daakieport1286,Daakie,port1286,Daakie,ptv,Papunesia,-16.3083,168.046,Austronesian,Daakie_port1286,parabank,Daakie port1286.txt,,20171013,,
p_dakakadaka1243,Dakaka,daka1243,Dakaka,bpa,Papunesia,-16.2696,168.013,Austronesian,Dakaka_daka1243,parabank,Dakaka daka1243.txt,,20171013,,
p_dampelasdamp1237,Dampelas,damp1237,Dampelas,dms,Papunesia,0.70234,120.219,Austronesian,Dampelas_damp1237,parabank,Dampelas damp1237.txt,,20161207,,
p_dehudehu1237,Dehu,dehu1237,Dehu,dhv,Papunesia,-20.8892,167.229,Austronesian,Dehu_dehu1237,parabank,Dehu dehu1237.txt,,20170404,,
p_dobudobu1241,Dobu,dobu1241,Dobu,dob,Papunesia,-9.63239,150.825,Austronesian,Dobu_dobu1241,parabank,Dobu dobu1241.txt,,20170616,,
p_dondodond1249,Dondo,dond1249,Dondo,dok,Papunesia,0.80348,120.707,Austronesian,Dondo_dond1249,parabank,Dondo dond1249.txt,,20161207,,
p_dupaninganagatdupa1235,Dupaninan Agta,dupa1235,Dupaninan Agta,duo,Papunesia,17.3748,122.188,Austronesian,Dupaningan_Agat_dupa1235,parabank,Dupaningan Agat dupa1235.txt,,20161128,,
p_eastambaelolovolieast2443,East Ambae,east2443,East Ambae,omb,Papunesia,-15.3523,167.89,Austronesian,East_Ambae_(Lolovoli)_east2443,parabank,East Ambae (Lolovoli) east2443.txt,,,,
p_eastfutunaeast2447,East Futuna,east2447,East Futuna,fud,Papunesia,-14.278717,-178.137222,Austronesian,East_Futuna_east2447,parabank,East Futuna east2447.txt,,,,
p_emaemaeemae1237,Emae,emae1237,Emae,mmw,Papunesia,-17.052,168.399,Austronesian,Emae_(Mae)_emae1237,parabank,Emae (Mae) emae1237.txt,,20171031,,
p_emauemaoislandemau1237,Emau,emau1237,Emau,,Papunesia,,,Austronesian,Emau_(Emao_Island)_emau1237,parabank,Emau (Emao Island) emau1237.txt,,20180123,,
p_fijianfiji1243,Fijian,fiji1243,Fijian,fij,Papunesia,-18,178.33,Austronesian,Fijian_fiji1243,parabank,Fijian fiji1243.txt,,,,
p_fortsenalkiaifort1240,Kiai,fort1240,Kiai,frt,Papunesia,-15.4484,166.931,Austronesian,Fortsenal_(Kiai)_fort1240,parabank,Fortsenal (Kiai) fort1240.txt,,20171108,,
p_futunaaniwafutu1245,Futuna-Aniwa,futu1245,Futuna-Aniwa,fut,Papunesia,-19.5303,170.215,Austronesian,Futuna-Aniwa_futu1245,parabank,Futuna-Aniwa futu1245.txt,,20170530,,
p_gadanggada1258,Ga'dang,gada1258,Ga'dang,gdg,Papunesia,17.2238,121.455,Austronesian,Ga'dang_gada1258,parabank,Ga'dang gada1258.txt,,,,
p_ganegimangane1237,Gane,gane1237,Gane,gzn,Papunesia,-0.42618,127.976,Austronesian,Gane_(Gimán)_gane1237,parabank,Gane (Gimán) gane1237.txt,,20170612,Data incomplete and source word list requires interpretation,
p_gayogayo1244,Gayo,gayo1244,Gayo,gay,Papunesia,4.3733,97.3456,Austronesian,Gayo_gayo1244,parabank,Gayo gayo1244.txt,,20170402,,
p_gelagela1263,Gela,gela1263,Gela,nlg,Papunesia,-9.04587,160.186,Austronesian,Gela_gela1263,parabank,Gela gela1263.txt,,20170707,,
p_hanunoohanu1241,Hanunoo,hanu1241,Hanunoo,hnn,Papunesia,12.4159,121.221,Austronesian,Hanunoo_hanu1241,parabank,Hanunoo hanu1241.txt,,20170616,,
p_hawaiihawa1245,Hawaiian,hawa1245,Hawaiian,haw,Papunesia,19.6297,-155.43,Austronesian,Hawaii_hawa1245,parabank,Hawaii hawa1245.txt,,,,
p_hiligaynonhili1240,Hiligaynon,hili1240,Hiligaynon,hil,Papunesia,10.4018,122.974,Austronesian,Hiligaynon_hili1240,parabank,Hiligaynon hili1240.txt,,,,
p_hiwhiww1237,Hiw,hiww1237,Hiw,hiw,Papunesia,-13.126367,166.584857,Austronesian,Hiw_hiww1237,parabank,Hiw hiww1237.txt,,20171101,,
p_ibaloinabaloiibal1244,Ibaloi,ibal1244,Ibaloi,ibl,Papunesia,16.4263,120.695,Austronesian,Ibaloi_(Nabaloi)_ibal1244,parabank,Ibaloi (Nabaloi) ibal1244.txt,,20170406,,
p_ibanagiban1267,Ibanag,iban1267,Ibanag,ibg,Papunesia,17.4201,121.891,Austronesian,Ibanag_iban1267,parabank,Ibanag iban1267.txt,,20170620,,
p_ibaniban1264,Iban,iban1264,Iban,iba,Papunesia,2.09041,112.934,Austronesian,Iban_iban1264,parabank,Iban iban1264.txt,,20170620,,
p_idaanidaa1241,Ida'an,idaa1241,Ida'an,dbj,Papunesia,5.29059,118.515,Austronesian,Ida'an_idaa1241,parabank,Ida'an idaa1241.txt,,20170620,,
p_ifugawifugaoifug1247,Ifugaw,ifug1247,Ifugaw,,,,,Austronesian,Ifugaw_(Ifugao)_ifug1247,parabank,Ifugaw (Ifugao) ifug1247.txt,,20170406,,
p_iliuuniliu1237,Ili'uun,iliu1237,Ili'uun,ilu,Papunesia,-7.84385,125.902,Austronesian,Ili'uun_iliu1237,parabank,Ili'uun iliu1237.txt,,20170616,,
p_ilokanoilok1237,Iloko,ilok1237,Iloko,ilo,Papunesia,15.9361,120.993,Austronesian,Ilokano_ilok1237,parabank,Ilokano ilok1237.txt,,20170620,,
p_indonesianbajauindo1317,Indonesian Bajau,indo1317,Indonesian Bajau,bdl,Papunesia,-3.68664,122.253,Austronesian,Indonesian_Bajau_indo1317,parabank,Indonesian Bajau indo1317.txt,,,,
p_indonesianindo1316,Indonesian,indo1316,Indonesian,ind,Papunesia,-7.33458,109.716,Austronesian,Indonesian_indo1316,parabank,Indonesian indo1316.txt,,20170621,,
p_irayairay1237,Iraya,iray1237,Iraya,iry,Papunesia,13.381,120.65,Austronesian,Iraya_iray1237,parabank,Iraya iray1237.txt,,20170616,,
p_isnagisna1241,Isnag,isna1241,Isnag,isd,Papunesia,18.2139,121.16,Austronesian,Isnag_isna1241,parabank,Isnag isna1241.txt,,,,
p_itbayativat1242,Itbayat,ivat1242,Itbayat,ivv,Papunesia,20.77,121.85,Austronesian,Itbayat_ivat1242,parabank,Itbayat ivat1242.txt,,20170620,,
p_itnegbinonganbino1237,Binongan Itneg,bino1237,Binongan Itneg,itb,Papunesia,17.5972,120.876,Austronesian,Itneg_(Binongan)_bino1237,parabank,Itneg (Binongan) bino1237.txt,,,,
p_jahaijehaijeha1242,Jehai,jeha1242,Jehai,jhi,Eurasia,5.63695,101.541,Austroasiatic,Jahai_(Jehai)_jeha1242,parabank,Jahai (Jehai) jeha1242.txt,,20161130,,
p_javanesejava1254,Javanese,java1254,Javanese,jav,Papunesia,-7.001,109.287,Austronesian,Javanese_java1254,parabank,Javanese java1254.txt,,20170621,,
p_kadaikada1286,Kadai,kada1286,Kadai,kzd,Papunesia,-1.74547,125.142,Austronesian,Kadai_kada1286,parabank,Kadai kada1286.txt,,20170608,Data incomplete and source word list requires interpretation,
p_kalingaahinkayapakalanguyaahin1234,Ahin-Kayapa Kalanguya,ahin1234,Ahin-Kayapa Kalanguya,kak,Papunesia,16.321,120.90003,Austronesian,Kalinga_(Ahin-Kayapa_Kalanguya)_ahin1234,parabank,Kalinga (Ahin-Kayapa Kalanguya) ahin1234.txt,,20170621,Kinship terms may have come from Ilokano,
p_kamberakamb1299,Kambera,kamb1299,Kambera,xbr,Papunesia,-9.88447,120.235,Austronesian,Kambera_kamb1299,parabank,Kambera kamb1299.txt,,20170614,,
p_kankanaeykankanaikank1243,Kankanaey,kank1243,Kankanaey,kne,Papunesia,16.8548,120.689,Austronesian,Kankanaey_(Kankanai)_kank1243,parabank,Kankanaey (Kankanai) kank1243.txt,,20170406,,
p_kapingamarangikapi1249a,Kapingamarangi,kapi1249,Kapingamarangi,kpg,Papunesia,1.039166,154.797223,Austronesian,Kapingamarangi_kapi1249a,parabank,Kapingamarangi kapi1249.txt,,20170516,,
p_kilivilakili1267,Kilivila,kili1267,Kilivila,kij,Papunesia,-8.72574,151.072,Austronesian,Kilivila_kili1267,parabank,Kilivila kili1267.txt,,20170627,,
p_kiputkipu1237,Kiput,kipu1237,Kiput,kyi,Papunesia,4.16535,114.367,Austronesian,Kiput_kipu1237,parabank,Kiput kipu1237.txt,,20161202,,
p_kodeohakode1237,Kodeoha,kode1237,Kodeoha,vko,Papunesia,-3.39566,120.937,Austronesian,Kodeoha_kode1237,parabank,Kodeoha kode1237.txt,,20161209,,
p_konawekona1243,Konawe,kona1243,Konawe,,Papunesia,,,Austronesian,Konawe_kona1243,parabank,Konawe kona1243.txt,,20161209,,
p_koronikoro1311,Koroni,koro1311,Koroni,xkq,Papunesia,-2.6367,121.977,Austronesian,Koroni_koro1311,parabank,Koroni koro1311.txt,,20161209,,
p_kuanuakuan1248,Kuanua,kuan1248,Kuanua,ksd,Papunesia,-4.30986,152.114,Austronesian,Kuanua_kuan1248,parabank,Kuanua kuan1248.txt,,20170628,,
p_kulisusukuli1254,Kulisusu,kuli1254,Kulisusu,vkl,Papunesia,-4.58411,123.045,Austronesian,Kulisusu_kuli1254,parabank,Kulisusu kuli1254.txt,,20161209,,
p_kwaiokwai1243,Kwaio,kwai1243,Kwaio,kwd,Papunesia,-8.93744,160.965,Austronesian,Kwaio_kwai1243,parabank,Kwaio kwai1243.txt,,,,
p_kwamerakwam1252,Kwamera,kwam1252,Kwamera,tnk,Papunesia,-19.5954,169.442,Austronesian,Kwamera_kwam1252,parabank,Kwamera kwam1252.txt,,20170531,,
p_laiwuilaiw1239,Laiwui,laiw1239,Laiwui,,Papunesia,,,Austronesian,Laiwui_laiw1239,parabank,Laiwui laiw1239.txt,,20161209,,
p_lalomeruilalo1239,Lalomerui,lalo1239,Lalomerui,,Papunesia,,,Austronesian,Lalomerui_lalo1239,parabank,Lalomerui lalo1239.txt,,20161209,,
p_lamahalotlama1277,Lamaholot,lama1277,Lamaholot,slp,Papunesia,-8.36439,122.803,Austronesian,Lamahalot_lama1277,parabank,Lamahalot lama1277.txt,,20170628,,
p_lametinmere1242,Merei,mere1242,Merei,lmb,Papunesia,-15.2839,166.905,Austronesian,Lametin_mere1242,parabank,Lametin mere1242.txt,,,,
p_lamogailamo1244,Lamogai,lamo1244,Lamogai,lmg,Papunesia,-5.87071,149.321,Austronesian,Lamogai_lamo1244,parabank,Lamogai lamo1244.txt,,20170110,,
p_landeweland1259,Landawe,land1259,Landawe,,Papunesia,,,Austronesian,Landewe_land1259,parabank,Landewe land1259.txt,,20161209,,
p_larevatlare1249,Larevat,lare1249,Larevat,lrv,Papunesia,-16.1971,167.387,Austronesian,Larevat_lare1249,parabank,Larevat lare1249.txt,,20171025,,
p_laujelauj1238,Lauje,lauj1238,Lauje,law,Papunesia,0.50708,120.262,Austronesian,Lauje_lauj1238,parabank,Lauje lauj1238.txt,,20161207,,
p_laulauu1247,Lau,lauu1247,Lau,llu,Papunesia,-8.51018,160.872,Austronesian,Lau_lauu1247,parabank,Lau lauu1247.txt,,,,
p_lavatburalamusongkonobinlava1239,Lavatbura-Lamusong,lava1239,Lavatbura-Lamusong,lbv,Papunesia,-3.21903,151.728,Austronesian,Lavatbura-lamusong_(Konobin)_lava1239,parabank,Lavatbura-lamusong (Konobin) lava1239.txt,,20170326,,
p_lelepalele1267,Lelepa,lele1267,Lelepa,lpa,Papunesia,-17.6042,168.202,Austronesian,Lelepa_lele1267,parabank,Lelepa lele1267.txt,,20171108,,
p_lenakellena1238,Lenakel,lena1238,Lenakel,tnl,Papunesia,-19.4763,169.261,Austronesian,Lenakel_lena1238,parabank,Lenakel lena1238.txt,,20170530,,
p_letemboirepanbitiplete1241,Letemboi-Repanbitip,lete1241,Letemboi-Repanbitip,nms,Papunesia,-16.4339,167.566,Austronesian,Letemboi-Repanbitip_lete1241,parabank,Letemboi-Repanbitip lete1241.txt,,,"angk = third person singular possessive, gutami = first person possessive (my father), gutaman = second person possessive (your father), gutamangk = third person possessive (his/her father)",
p_lewolewo1242,Lewo,lewo1242,Lewo,lww,Papunesia,-16.7612,168.334,Austronesian,Lewo_lewo1242,parabank,Lewo lewo1242.txt,,20171113,,https://openresearch-repository.anu.edu.au/handle/1885/132959
p_loniuloni1238,Loniu,loni1238,Loniu,los,Papunesia,-2.06124,147.35,Austronesian,Loniu_loni1238,parabank,Loniu loni1238.txt,,20170601,,
p_lonwolwollonw1238,Lonwolwol,lonw1238,Lonwolwol,crc,Papunesia,-16.2286,168.016,Austronesian,Lonwolwol_lonw1238,parabank,Lonwolwol lonw1238.txt,,20171010,,
p_lotogalohloto1240,Lo-Toga,loto1240,Lo-Toga,lht,Papunesia,-13.334872,166.634338,Austronesian,Lo-Toga_(Loh)_loto1240,parabank,Lo-Toga (Loh) loto1240.txt,,20171101,,
p_luangiuaontongjavaonto1237,Luangiua,onto1237,Luangiua,ojv,Papunesia,-5.49029,159.701,Austronesian,Luangiua_(Ontong_Java)_onto1237,parabank,Luangiua (Ontong Java) onto1237.txt,,20170516,,
p_luburuakaralubu1242,Luburua,lubu1242,Luburua,,Papunesia,,,Austronesian,Luburua_(Kara)_lubu1242,parabank,Luburua (Kara) lubu1242.txt,,20170325,,
p_maanyanmaan1238,Ma'anyan,maan1238,Ma'anyan,mhy,Papunesia,-2.1239,115.092,Austronesian,Ma'anyan_maan1238,parabank,Ma'anyan maan1238.txt,,20170628,,
p_mabaindonesiamaba1278,Maba (Indonesia),maba1278,Maba (Indonesia),mqa,Papunesia,0.59011,128.418,Austronesian,Maba_(Indonesia)_maba1278,parabank,Maba (Indonesia) maba1278.txt,,20170612,Data incomplete and source word list requires interpretation,
p_madakkonnosmada1284,Madak linkage,mada1284,Madak linkage,,,,,Austronesian,Madak_(Konnos)_mada1284,parabank,Madak (Konnos) mada1284.txt,,20170326,,
p_maduresenucl1460,Madurese,nucl1460,Madurese,mad,Papunesia,-7,113,Austronesian,Madurese_nucl1460,parabank,Madurese nucl1460.txt,,20170718,,collectionscanada.gc.ca/obj/s4/f2/dsk2/ftp01/MQ37156.pdf
p_mafeamaveamafe1237,Mafea,mafe1237,Mafea,mkv,Papunesia,-15.4316,167.241,Austronesian,Mafea_(Mavea)_mafe1237,parabank,Mafea (Mavea) mafe1237.txt,,20171110,,
p_magammaga1262,Magam,maga1262,Magam,,Papunesia,,,Austronesian,Magam_maga1262,parabank,Magam maga1262.txt,,20171011,,
p_maguindanaomagindonaomoromagu1243,Maguindanao,magu1243,Maguindanao,mdh,Papunesia,6.9453,124.509,Austronesian,Maguindanao_(Magindonao_Moro)_magu1243,parabank,Maguindanao (Magindonao Moro) magu1243.txt,,20170406,,
p_maluabaymalu1245,Malua Bay,malu1245,Malua Bay,mll,Papunesia,-15.9813,167.208,Austronesian,Malua_Bay_malu1245,parabank,Malua Bay malu1245.txt,,20171026,,
p_manammana1295,Manam,mana1295,Manam,mva,Papunesia,-4.07921,145.033,Austronesian,Manam_mana1295,parabank,Manam mana1295.txt,,20170703,,
p_mangaiamang1402,Mangaia,mang1402,Mangaia,,Papunesia,,,Austronesian,Mangaia_mang1402,parabank,Mangaia mang1402.txt,,20170518,,
p_mangarevamang1401,Mangareva,mang1401,Mangareva,mrv,Papunesia,-23.1095,-134.97,Austronesian,Mangareva_mang1401,parabank,Mangareva mang1401.txt,,20170517,,
p_mangeisobjomang1407,Mangei,mang1407,Mangei,,Papunesia,,,Austronesian,Mangei_(Sobjo)_mang1407,parabank,Mangei (Sobjo) mang1407.txt,,20170608,Data incomplete and source word list requires interpretation,
p_manggaraimang1405,Manggarai,mang1405,Manggarai,mqy,Papunesia,-8.55748,120.329,Austronesian,Manggarai_mang1405,parabank,Manggarai mang1405.txt,,,,
p_maorimaor1246,Māori,maor1246,Maori,mri,Papunesia,-38.2881,176.541,Austronesian,Maori_maor1246,parabank,Maori maor1246.txt,,,"pronouns my or mine: ta´-ku(sing.), a´-ku(pl.)",
p_maragustapemara1399,Maragus,mara1399,Maragus,mrs,Papunesia,-16.0695,167.33,Austronesian,Maragus_(Tape)_mara1399,parabank,Maragus (Tape) mara1399.txt,,20171205,,
p_maranaolanaomoromara1404,Maranao,mara1404,Maranao,mrw,Papunesia,7.79414,124.175,Austronesian,Maranao_(Lanao_Moro)_mara1404,parabank,Maranao (Lanao Moro) mara1404.txt,,20170406,,
p_marquesasmarq1246,Marquesan,marq1246,Marquesan,,,,,Austronesian,Marquesas_marq1246,parabank,Marquesas marq1246.txt,,20170517,,
p_marshallesemars1254,Marshallese,mars1254,Marshallese,mah,Papunesia,8.72,167.73,Austronesian,Marshallese_mars1254,parabank,Marshallese mars1254.txt,,20170703,,
p_maskelynesmask1242,Maskelynes,mask1242,Maskelynes,klv,Papunesia,-16.5073,167.818,Austronesian,Maskelynes_mask1242,parabank,Maskelynes mask1242.txt,,20171204,,
p_matukarmatu1261,Matukar,matu1261,Matukar,mjk,Papunesia,-4.9078,145.779,Austronesian,Matukar_matu1261,parabank,Matukar matu1261.txt,,,,
p_mekeoeastmeke1243d,Mekeo,meke1243,Mekeo,mek,Papunesia,-8.23853,146.586,Austronesian,Mekeo_(East)_meke1243d,parabank,Mekeo (East) meke1243d.txt,,,,
p_mekeonorthmeke1243c,Mekeo,meke1243,Mekeo,mek,Papunesia,-8.23853,146.586,Austronesian,Mekeo_(North)_meke1243c,parabank,Mekeo (North) meke1243c.txt,,,,
p_mekeonorthwestmeke1243a,Mekeo,meke1243,Mekeo,mek,Papunesia,-8.23853,146.586,Austronesian,Mekeo_(North-West)_meke1243a,parabank,Mekeo (North-West) meke1243a.txt,,,,
p_mekeowestmeke1243b,Mekeo,meke1243,Mekeo,mek,Papunesia,-8.23853,146.586,Austronesian,Mekeo_(West)_meke1243b,parabank,Mekeo (West) meke1243b.txt,,,,
p_mekonggameko1237,Mekongga,meko1237,Mekongga,,Papunesia,,,Austronesian,Mekongga_meko1237,parabank,Mekongga meko1237.txt,,20161209,,
p_melefilaifiramelemele1250,Mele-Fila,mele1250,Mele-Fila,mxe,Papunesia,-17.6841,168.275,Austronesian,Mele-Fila_(Ifira-Mele)_mele1250,parabank,Mele-Fila (Ifira-Mele) mele1250.txt,,20170620,,
p_menuimenu1237,Menui,menu1237,Menui,,Papunesia,,,Austronesian,Menui_menu1237,parabank,Menui menu1237.txt,,20161209,,
p_mereimere1242,Merei,mere1242,Merei,lmb,Papunesia,-15.2839,166.905,Austronesian,Merei_mere1242,parabank,Merei mere1242.txt,,20161130,,
p_merlavmerl1237,Merlav,merl1237,Merlav,mrm,Papunesia,-14.450679,168.053527,Austronesian,Merlav_merl1237,parabank,Merlav merl1237.txt,,20180109,,
p_minangkabaumina1268,Minangkabau,mina1268,Minangkabau,min,Papunesia,-0.896,100.44,Austronesian,Minangkabau_mina1268,parabank,Minangkabau mina1268.txt,,20170705,,
p_miningirlungamini1251,Minigir,mini1251,Minigir,vmg,Papunesia,-4.31803,152.005,Austronesian,Miningir_(Lunga)_mini1251,parabank,Miningir (Lunga) mini1251.txt,,20170628,,
p_monoalumono1273,Mono-Alu,mono1273,Mono-Alu,mte,Papunesia,-7.05102,155.76,Austronesian,Mono-Alu_mono1273,parabank,Mono-Alu mono1273.txt,,20170402,,
p_morgan1871amazuluamazulukafirzulu1248,Zulu,zulu1248,Zulu,zul,Africa,-28.9,30.2,Atlantic-Congo,Morgan1871_Amazulu_(Amazulu_Kafir)_zulu1248,parabank,Morgan1871 Amazulu (Amazulu Kafir) zulu1248.txt,,,,
p_morgan1871anahnelingrosventresofprairiegros1243,Gros Ventre,gros1243,Gros Ventre,ats,North America,48.4834,-108.738,Algic,Morgan1871_An-ah'-ne-lin_(Gros_Ventres_of_Prairie)_gros1243,parabank,Morgan1871 An-ah'-ne-lin (Gros Ventres of Prairie) gros1243.txt,,,,
p_morgan1871bloodsiksikabloodblackfootbloo1239,Blood,bloo1239,Blood,,North America,,,Algic,Morgan1871_Blood_Siksika_(Blood_Blackfoot)_bloo1239,parabank,Morgan1871 Blood Siksika (Blood Blackfoot) bloo1239.txt,,,,
p_morgan1871creeofthelowlandscree1272,Cree,cree1272,Cree,cre,North America,,,Algic,Morgan1871_Cree_of_the_Lowlands_cree1272,parabank,Morgan1871 Cree of the Lowlands cree1272.txt,,,,
p_morgan1871delawarecomm1246,Common Delaware,comm1246,Common Delaware,del,North America,,,Algic,Morgan1871_Delaware_comm1246,parabank,Morgan1871 Delaware comm1246.txt,,,,
p_morgan1871etchemiuormalisetemale1293,Malecite,male1293,Malecite,,North America,,,Algic,"Morgan1871_Etchemiu,_or_Malisete_male1293",parabank,"Morgan1871 Etchemiu, or Malisete male1293.txt",,,,
p_morgan1871hawaiianhawa1245,Hawaiian,hawa1245,Hawaiian,haw,Papunesia,19.6297,-155.43,Austronesian,Morgan1871_Hawaiian_hawa1245,parabank,Morgan1871 Hawaiian hawa1245.txt,,,,
p_morgan1871kaskaskiaalgo1255,Algonquin,algo1255,Algonquin,alq,North America,47.3876,-77.5258,Algic,Morgan1871_Kaskaskia_algo1255,parabank,Morgan1871 Kaskaskia algo1255.txt,,,,
p_morgan1871kickapookikapookick1244,Kickapoo,kick1244,Kickapoo,kic,North America,41.655145,-89.03034,Algic,Morgan1871_Kickapoo_(Kikapoo)_kick1244,parabank,Morgan1871 Kickapoo (Kikapoo) kick1244.txt,,,,
p_morgan1871kingsmillislandsgilb1244,Gilbertese,gilb1244,Gilbertese,gil,Papunesia,-1.34,176.44,Austronesian,Morgan1871_Kings_Mill_Islands_gilb1244,parabank,Morgan1871 Kings Mill Islands gilb1244.txt,,,,
p_morgan1871kusaienkosr1238,Kosraean,kosr1238,Kosraean,kos,Papunesia,5.31,162.98,Austronesian,Morgan1871_Kusaien_kosr1238,parabank,Morgan1871 Kusaien kosr1238.txt,,,,
p_morgan1871maorimaor1246,Māori,maor1246,Maori,mri,Papunesia,-38.2881,176.541,Austronesian,Morgan1871_Maori_maor1246,parabank,Morgan1871 Maori maor1246.txt,,,,
p_morgan1871menominemeno1252,Menominee,meno1252,Menominee,mez,North America,44.9794,-88.6395,Algic,Morgan1871_Menomine_meno1252,parabank,Morgan1871 Menomine meno1252.txt,,,,
p_morgan1871miamimiam1252,Miami,miam1252,Miami,mia,North America,40,-90,Algic,Morgan1871_Miami_miam1252,parabank,Morgan1871 Miami miam1252.txt,,,,
p_morgan1871miemacmikm1235,Mi'kmaq,mikm1235,Mi'kmaq,mic,North America,45.9941,-65.5766,Algic,Morgan1871_Miemac_mikm1235,parabank,Morgan1871 Miemac mikm1235.txt,,,,
p_morgan1871moheganmohe1244,Mohegan-Montauk-Narragansett,mohe1244,Mohegan-Montauk-Narragansett,mof,North America,41.8581,-72.1701,Algic,Morgan1871_Mohegan_mohe1244,parabank,Morgan1871 Mohegan mohe1244.txt,,,,
p_morgan1871munseemuns1251,Munsee,muns1251,Munsee,umu,North America,42.5968,-81.9166,Algic,Morgan1871_Munsee_muns1251,parabank,Morgan1871 Munsee muns1251.txt,,,,
p_morgan1871ojibwakansasojib1241,Ojibwa,ojib1241,Ojibwa,,,,,Algic,Morgan1871_Ojibwa_Kansas_ojib1241,parabank,Morgan1871 Ojibwa: Kansas ojib1241.txt,,,,
p_morgan1871ojibwalakehuronojib1241,Ojibwa,ojib1241,Ojibwa,,,,,Algic,Morgan1871_Ojibwa_Lake_Huron_ojib1241,parabank,Morgan1871 Ojibwa: Lake Huron ojib1241.txt,,,,
p_morgan1871ojibwalakemichiganuppe1274,Upper Michigan-Wisconsin Chippewa,uppe1274,Upper Michigan-Wisconsin Chippewa,,North America,,,Algic,Morgan1871_Ojibwa_Lake_Michigan_uppe1274,parabank,Morgan1871 Ojibwa: Lake Michigan uppe1274.txt,,,,
p_morgan1871ojibwalakesuperiorojib1241,Ojibwa,ojib1241,Ojibwa,,,,,Algic,Morgan1871_Ojibwa_Lake_Superior_ojib1241,parabank,Morgan1871 Ojibwa: Lake Superior ojib1241.txt,,,,
p_morgan1871ottawaotawaotta1242,Ottawa,otta1242,Ottawa,otw,North America,44.5988,-83.226,Algic,Morgan1871_Ottawa_(Otǎwa)_otta1242,parabank,Morgan1871 Ottawa (Otǎwa) otta1242.txt,,,,
p_morgan1871peoriapeor1238,Peoria,peor1238,Peoria,,North America,,,Algic,Morgan1871_Peoria_peor1238,parabank,Morgan1871 Peoria peor1238.txt,,,,
p_morgan1871pianeshawmiam1252,Miami,miam1252,Miami,mia,North America,40,-90,Algic,Morgan1871_Pianeshaw_miam1252,parabank,Morgan1871 Pianeshaw miam1252.txt,,,,
p_morgan1871piegansiksikapieganblackfootpieg1239,Piegan,pieg1239,Piegan,,North America,,,Algic,Morgan1871_Piegan_Siksika_(Piegan_Blackfoot)_pieg1239,parabank,Morgan1871 Piegan Siksika (Piegan Blackfoot) pieg1239.txt,,,,
p_morgan1871plainscreecreeoftheprairieplai1258,Plains Cree,plai1258,Plains Cree,crk,North America,51.2437,-110.463,Algic,Morgan1871_Plains_Cree_(Cree_of_the_Prairie)_plai1258,parabank,Morgan1871 Plains Cree (Cree of the Prairie) plai1258.txt,,,,
p_morgan1871potawatomipotawattamiepota1247,Potawatomi,pota1247,Potawatomi,pot,North America,40.955,-89.1881,Algic,Morgan1871_Potawatomi_(Potǎwattamie)_pota1247,parabank,Morgan1871 Potawatomi (Potǎwattamie) pota1247.txt,,,,
p_morgan1871sawkandfoxmesk1242,Meskwaki,mesk1242,Meskwaki,sac,North America,44,-89,Algic,Morgan1871_Sawk_and_Fox_mesk1242,parabank,Morgan1871 Sawk and Fox mesk1242.txt,,,,
p_morgan1871shawneeshaw1249,Shawnee,shaw1249,Shawnee,sjw,North America,40,-83,Algic,Morgan1871_Shawnee_shaw1249,parabank,Morgan1871 Shawnee shaw1249.txt,,,,
p_morgan1871shiyanchey1247,Cheyenne,chey1247,Cheyenne,chy,North America,45.5321,-106.659,Algic,Morgan1871_Shiyan_chey1247,parabank,Morgan1871 Shiyan chey1247.txt,,,,
p_morgan1871weawnucl1653,Nuclear Miami,nucl1653,Nuclear Miami,,North America,,,Algic,Morgan1871_Weaw_nucl1653,parabank,Morgan1871 Weaw nucl1653.txt,,,,
p_morgan1871woodscreecreeofthewoodswood1236,Woods Cree,wood1236,Woods Cree,cwd,North America,57,-99,Algic,Morgan1871_Woods_Cree_(Cree_of_the_Woods)_wood1236,parabank,Morgan1871 Woods Cree (Cree of the Woods) wood1236.txt,,,,
p_moriatasmori1269,Mori Atas,mori1269,Mori Atas,mzq,Papunesia,-2.2555,121.035,Austronesian,Mori_Atas_mori1269,parabank,Mori Atas mori1269.txt,,20161209,,
p_moribawahmori1268,Mori Bawah,mori1268,Mori Bawah,xmz,Papunesia,-2.56016,121.37,Austronesian,Mori_Bawah_mori1268,parabank,Mori Bawah mori1268.txt,,20161209,,
p_moronenemoro1287,Moronene,moro1287,Moronene,mqn,Papunesia,-4.62361,121.824,Austronesian,Moronene_moro1287,parabank,Moronene moro1287.txt,,20161209,,
p_mortlockesemort1237,Mortlockese,mort1237,Mortlockese,mrl,Papunesia,5.50735,153.710778,Austronesian,Mortlockese_mort1237,parabank,Mortlockese mort1237.txt,,20170705,,
p_motamota1237,Mota,mota1237,Mota,mtt,Papunesia,-13.835361,167.690924,Austronesian,Mota_mota1237,parabank,Mota mota1237.txt,,20170705,,
p_motumotu1246,Motu,motu1246,Motu,meu,Papunesia,-9.67492,147.424,Austronesian,Motu_motu1246,parabank,Motu motu1246.txt,,20170705,,
p_moukmouk1240,Mouk,mouk1240,Mouk,,Papunesia,,,Austronesian,Mouk_mouk1240,parabank,Mouk mouk1240.txt,,20170109,,
p_muduapavitumudu1242,Muduapa,mudu1242,Muduapa,wiv,Papunesia,-4.69751,149.489,Austronesian,Muduapa_(Vitu)_mudu1242,parabank,Muduapa (Vitu) mudu1242.txt,,2017024,his/her = -na,
p_munamuna1247,Muna,muna1247,Muna,mnb,Papunesia,-5.40419,122.541,Austronesian,Muna_muna1247,parabank,Muna muna1247.txt,,20170706,,
p_munggavarennellmung1271,Munggava,mung1271,Munggava,,Papunesia,,,Austronesian,Munggava_(Rennell)_mung1271,parabank,Munggava (Rennell) mung1271.txt,,20170511,hai- prefix to most of the basic kinship terms indicating a reciprocal relationship between the base and closely associate kin (reciprocate),
p_mungikibellonamung1270,Mungiki,mung1270,Mungiki,,Papunesia,,,Austronesian,Mungiki_(Bellona)_mung1270,parabank,Mungiki (Bellona) mung1270.txt,,,,
p_mussauemiramuss1246,Mussau-Emira,muss1246,Mussau-Emira,emi,Papunesia,-1.44105,149.624,Austronesian,Mussau-Emira_muss1246,parabank,Mussau-Emira muss1246.txt,,20170706,,
p_mwotlapmotl1237,Mwotlap,motl1237,Mwotlap,mlv,Papunesia,-13.655015,167.706277,Austronesian,Mwotlap_motl1237,parabank,Mwotlap motl1237.txt,,20180109,,
p_nafsansout2856,South Efate,sout2856,South Efate,erk,Papunesia,-17.7006,168.377,Austronesian,Nafsan_sout2856,parabank,Nafsan sout2856.txt,,,"Nafsan informants Marinette Kalpram, Joel Kalpram. Note, the labial-velar is officially written with a tilde over a ‘p’ but I don’t have that keyboard function so am using ‘kp’.",
p_nagenage1237,Nage,nage1237,Nage,nxe,Papunesia,-8.70513,121.31,Austronesian,Nage_nage1237,parabank,Nage nage1237.txt,,2017024,,
p_nahavaqsout2857,Nahavaq,sout2857,Nahavaq,sns,Papunesia,-16.5116,167.477,Austronesian,Nahavaq_sout2857,parabank,Nahavaq sout2857.txt,,20170706,,
p_nakanainaka1262,Nakanai,naka1262,Nakanai,nak,Papunesia,-5.59931,150.888,Austronesian,Nakanai_naka1262,parabank,Nakanai naka1262.txt,,20170704,,
p_naliklukuramaunali1244,Nalik,nali1244,Nalik,nal,Papunesia,-2.94411,151.332,Austronesian,Nalik_(Lukuramau)_nali1244,parabank,Nalik (Lukuramau) nali1244.txt,,20170326,,
p_nalikmadinanali1244b,Nalik,nali1244,Nalik,nal,Papunesia,-2.94411,151.332,Austronesian,Nalik_(Madina)_nali1244b,parabank,Nalik (Madina) nali1244b.txt,,,,
p_namakuranama1268,Namakura,nama1268,Namakura,nmk,Papunesia,-16.8979,168.569,Austronesian,Namakura_nama1268,parabank,Namakura nama1268.txt,,,,
p_namakuranama1268b,Namakura,nama1268,Namakura,nmk,Papunesia,-16.8979,168.569,Austronesian,Namakura_nama1268b,parabank,Namakura nama1268b.txt,,,,
p_namanlitz1237,Naman,litz1237,Naman,lzl,Papunesia,-16.1331,167.415,Austronesian,Naman_litz1237,parabank,Naman litz1237.txt,,20171025,,
p_nanggunang1262,Nanggu,nang1262,Nanggu,ngr,Papunesia,-10.7441,165.887,Austronesian,Nanggu_nang1262,parabank,Nanggu nang1262.txt,,20170706,,
p_nehanneha1247,Nehan,neha1247,Nehan,nsn,Papunesia,-4.56875,154.2,Austronesian,Nehan_neha1247,parabank,Nehan neha1247.txt,,20170707,,
p_nengoneneng1238,Nengone,neng1238,Nengone,nen,Papunesia,-21.5305,167.964,Austronesian,Nengone_neng1238,parabank,Nengone neng1238.txt,,20170404,,
p_nesenese1235,Nese,nese1235,Nese,,Papunesia,-15.952608,167.222769,Austronesian,Nese_nese1235,parabank,Nese nese1235.txt,,20170707,,
p_neveeivinm1237,Neve'ei,vinm1237,Neve'ei,vnm,Papunesia,-16.2253,167.427,Austronesian,Neve'ei_vinm1237,parabank,Neve'ei vinm1237.txt,,20171025,,
p_neveeivinm1237a,Neve'ei,vinm1237,Neve'ei,vnm,Papunesia,-16.2253,167.427,Austronesian,Neve'ei_vinm1237a,parabank,Neve'ei vinm1237a.txt,,,,
p_neververling1265,Neverver,ling1265,Neverver,lgk,Papunesia,-16.1986,167.499,Austronesian,Neverver_ling1265,parabank,Neverver ling1265.txt,,20171027,,
p_ngunangun1274,Nguna,ngun1274,Nguna,,Papunesia,,,Austronesian,Nguna_ngun1274,parabank,Nguna ngun1274.txt,,20180123,,
p_niuafoouniua1240,Niuafo'ou,niua1240,Niuafo'ou,num,Papunesia,-15.6014,-175.64,Austronesian,Niuafo'ou_niua1240,parabank,Niuafo'ou niua1240.txt,,20181015,,https://glottolog.org/resource/reference/id/104176
p_niueniue1239,Niuean,niue1239,Niuean,niu,Papunesia,-19.06,-169.86,Austronesian,Niue_niue1239,parabank,Niue niue1239.txt,,,,
p_northambrymnort2839,North Ambrym,nort2839,North Ambrym,mmg,Papunesia,-16.1741,168.14,Austronesian,North_Ambrym_nort2839,parabank,North Ambrym nort2839.txt,,20180117,,
p_northefatengunanakanamanganort2836,North Efate,nort2836,North Efate,llp,Papunesia,-17.5774,168.375,Austronesian,"North_Efate_(Nguna,_Nakanamanga)_nort2836",parabank,"North Efate (Nguna, Nakanamanga) nort2836.txt",,20180109,,
p_northtannanort2847,North Tanna,nort2847,North Tanna,tnn,Papunesia,-19.3733,169.303,Austronesian,North_Tanna_nort2847,parabank,North Tanna nort2847.txt,,20180215,,
p_numbaminumb1247,Numbami,numb1247,Numbami,sij,Papunesia,-7.52806,147.298,Austronesian,Numbami_numb1247,parabank,Numbami numb1247.txt,,20170709,,http://faroutliers.blogspot.de/2008/10/numbami-kinship-terminology-png.html
p_olalolal1237,Olal,olal1237,Olal,,Papunesia,,,Austronesian,Olal_olal1237,parabank,Olal olal1237.txt,,20180123,,
p_oldjavanesekawikawi1241,Kawi,kawi1241,Kawi,kaw,Papunesia,-7,111,Austronesian,Old_Javanese_(Kawi)_kawi1241,parabank,Old Javanese (Kawi) kawi1241.txt,,20170709,,
p_oldraparaparapa1245,Old Rapa,rapa1245,Old Rapa,ray,Papunesia,-27.6304,-144.338,Austronesian,Old_Rapa_(Rapa)_rapa1245,parabank,Old Rapa (Rapa) rapa1245.txt,,20170518,,
p_owasantaanaowaa1237,Owa,owaa1237,Owa,stn,Papunesia,-10.82553,162.30467,Austronesian,Owa_(Santa_Ana)_owaa1237,parabank,Owa (Santa Ana) owaa1237.txt,,20170716,,
p_pacohpaco1243,Pacoh,paco1243,Pacoh,pac,Eurasia,16.3353,107.094,Austroasiatic,Pacoh_paco1243,parabank,Pacoh paco1243.txt,,20161121,,
p_padoepado1242,Padoe,pado1242,Padoe,pdo,Papunesia,-2.60642,121.236,Austronesian,Padoe_pado1242,parabank,Padoe pado1242.txt,,20161209,,
p_paicipaic1239,Paicî,paic1239,Paicî,pri,Papunesia,-21.096,165.15,Austronesian,Paici_paic1239,parabank,Paici paic1239.txt,,,"Orthography doesn't show tones. For explanation of orthography, see Rivierre, C.-J. 1983. Dictionnaire paicî-français, suivi d'un lexique français-paici. Paris, SELAF.",
p_paiwanpaiw1248,Paiwan,paiw1248,Paiwan,pwn,Papunesia,22.3271,120.806,Austronesian,Paiwan_paiw1248,parabank,Paiwan paiw1248.txt,,20170709,,
p_palauanpala1344,Palauan,pala1344,Palauan,pau,Papunesia,7.34138,134.476678,Austronesian,Palauan_pala1344,parabank,Palauan pala1344.txt,,20170710,,
p_paluaibalu1257,Paluai,balu1257,Paluai,blq,Papunesia,-2.5604,147.282,Austronesian,Paluai_balu1257,parabank,Paluai balu1257.txt,,,,
p_pamapaamanesepaam1238,Paama,paam1238,Paama,pma,Papunesia,-16.47548,168.23693,Austronesian,Pama_(Paamanese)_paam1238,parabank,Pama (Paamanese) paam1238.txt,,,,
p_pampangakampampanganpamp1243,Pampanga,pamp1243,Pampanga,pam,Papunesia,14.9603,120.502,Austronesian,Pampanga_(Kampampangan)_pamp1243,parabank,Pampanga (Kampampangan) pamp1243.txt,,20170621,,
p_pangasinanpang1290,Pangasinan,pang1290,Pangasinan,pag,Papunesia,15.9377,120.365,Austronesian,Pangasinan_pang1290,parabank,Pangasinan pang1290.txt,,20170711,,
p_patanipata1260,Patani,pata1260,Patani,ptn,Papunesia,0.34096,128.634,Austronesian,Patani_pata1260,parabank,Patani pata1260.txt,,20170612,Data incomplete and source word list requires interpretation,
p_pendaupend1242,Pendau,pend1242,Pendau,ums,Papunesia,-0.11396,119.862,Austronesian,Pendau_pend1242,parabank,Pendau pend1242.txt,,20161207,,
p_penrhyntongarevapenr1237,Māngarongaro,penr1237,Māngarongaro,pnh,Papunesia,-9.082238,-157.922908,Austronesian,Penrhyn_(Tongareva)_penr1237,parabank,Penrhyn (Tongareva) penr1237.txt,,20170518,,
p_petapatajetaje1237a,Taje,taje1237,Taje,pee,Papunesia,-0.72583,120.078,Austronesian,Petapa_Taje_taje1237a,parabank,Petapa Taje taje1237a.txt,,,,
v_akkadianakka1240,Akkadian,akka1240,Akkadian,akk,Eurasia,33.1,44.1,Afro-Asiatic,Akkadian_akka1240,varikin,Akkadian_akka1240.txt,,,,
v_amharicamha1245,Amharic,amha1245,Amharic,amh,Africa,11.708182,39.543456,Afro-Asiatic,Amharic_amha1245,varikin,Amharic_amha1245.txt,,,,
v_amisamis1246,Amis,amis1246,Amis,ami,Papunesia,23.0917,121.348,Austronesian,Amis_amis1246,varikin,Amis_amis1246.txt,,,,
v_asutanzaniaasut1235,Asu (Tanzania),asut1235,Asu (Tanzania),asa,Africa,-4.17978,37.8323,Atlantic-Congo,Asu_Tanzania__asut1235,varikin,Asu_Tanzania__asut1235.txt,,,,
v_atayalatay1247,Atayal,atay1247,Atayal,tay,Papunesia,24.5209,121.388,Austronesian,Atayal_atay1247,varikin,Atayal_atay1247.txt,,,,
v_bafiabafi1243,Bafia,bafi1243,Bafia,ksf,Africa,4.72603,11.0982,Atlantic-Congo,Bafia_bafi1243,varikin,Bafia_bafi1243.txt,,,,
v_balicongobali1274,Bali (Democratic Republic of Congo),bali1274,Bali (Democratic Republic of Congo),bcp,Africa,1.1807,26.5941,Atlantic-Congo,Bali_Congo__bali1274,varikin,Bali_Congo__bali1274.txt,,,,
v_balidrcbali1275,Bali,bali1275,Bali,,Africa,,,Atlantic-Congo,Bali_DRC__bali1275,varikin,Bali_DRC__bali1275.txt,,,,
v_bamunbamu1253,Bamun,bamu1253,Bamun,bax,Africa,5.49017,10.8477,Atlantic-Congo,Bamun_bamu1253,varikin,Bamun_bamu1253.txt,,,,
v_batangabata1285,Batanga,bata1285,Batanga,bnm,Africa,1.397041,9.51011,Atlantic-Congo,Batanga_bata1285,varikin,Batanga_bata1285.txt,,,,
v_baurebaur1253,Baure,baur1253,Baure,brg,South America,-13.1278,-64.1838,Arawakan,Baure_baur1253,varikin,Baure_baur1253.txt,,,,
v_bembabemb1257,Bemba (Zambia),bemb1257,Bemba (Zambia),bem,Africa,-10.6122,29.2993,Atlantic-Congo,Bemba_bemb1257,varikin,Bemba_bemb1257.txt,,,,
v_benatanzaniabena1262,Bena (Tanzania),bena1262,Bena (Tanzania),bez,Africa,-9.26671,35.0364,Atlantic-Congo,Bena_Tanzania__bena1262,varikin,Bena_Tanzania__bena1262.txt,,,,
v_bendebend1258,Bende,bend1258,Bende,bdp,Africa,-6.22082,30.5926,Atlantic-Congo,Bende_bend1258,varikin,Bende_bend1258.txt,,,,
v_berabera1259,Bera,bera1259,Bera,brf,Africa,1.50054,30.0293,Atlantic-Congo,Bera_bera1259,varikin,Bera_bera1259.txt,,,,
v_bilabila1255,Bila,bila1255,Bila,bip,Africa,1.16839,28.7626,Atlantic-Congo,Bila_bila1255,varikin,Bila_bila1255.txt,,,,
v_birhorbirh1242,Birhor,birh1242,Birhor,biy,Eurasia,23.585,85.5611,Austroasiatic,Birhor_birh1242,varikin,Birhor_birh1242.txt,,,,
v_bitbitt1240,Bit,bitt1240,Bit,bgk,Eurasia,21.3474,101.916,Austroasiatic,Bit_bitt1240,varikin,Bit_bitt1240.txt,,,,
v_budzabudz1238,Budza,budz1238,Budza,bja,Africa,2.19951,22.6107,Atlantic-Congo,Budza_budz1238,varikin,Budza_budz1238.txt,,,,
v_bukusubuku1249,Bukusu,buku1249,Bukusu,bxk,Africa,0.68043,34.7719,Atlantic-Congo,Bukusu_buku1249,varikin,Bukusu_buku1249.txt,,,,
v_bununbunu1267,Bunun,bunu1267,Bunun,bnn,Papunesia,23.4116,121.025,Austronesian,Bunun_bunu1267,varikin,Bunun_bunu1267.txt,,,,
v_bushoongbush1247,Bushoong,bush1247,Bushoong,buf,Africa,-4.69463,21.4556,Atlantic-Congo,Bushoong_bush1247,varikin,Bushoong_bush1247.txt,,,,
v_bwaidogabwai1243,Bwaidoga,bwai1243,Bwaidoga,,Papunesia,,,Austronesian,Bwaidoga_bwai1243,varikin,Bwaidoga_bwai1243.txt,,,,
v_carnicobaresecarn1240,Car Nicobarese,carn1240,Car Nicobarese,caq,Eurasia,9.18853,92.7671,Austroasiatic,Car_Nicobarese_carn1240,varikin,Car_Nicobarese_carn1240.txt,,,,
v_carolinianscaro1242,Carolinian,caro1242,Carolinian,cal,Papunesia,15.205,145.765,Austronesian,Carolinians_caro1242,varikin,Carolinians_caro1242.txt,,,,
v_chokwechok1245,Chokwe,chok1245,Chokwe,cjk,Africa,-9.66082,21.3992,Atlantic-Congo,Chokwe_chok1245,varikin,Chokwe_chok1245.txt,,,,
v_colloquialmalaymala1479,Colloquial Malay,mala1479,Colloquial Malay,zlm,Eurasia,1.85856,103,Austronesian,Colloquial_Malay_mala1479,varikin,Colloquial_Malay_mala1479.txt,,,,
v_digodigo1243,Digo,digo1243,Digo,dig,Africa,-4.62101,39.1752,Atlantic-Congo,Digo_digo1243,varikin,Digo_digo1243.txt,,,,
v_dingding1239,Ding,ding1239,Ding,diz,Africa,-4.44304,19.3881,Atlantic-Congo,Ding_ding1239,varikin,Ding_ding1239.txt,,,,
v_dualadual1243,Duala,dual1243,Duala,dua,Africa,4.10208,9.61877,Atlantic-Congo,Duala_dual1243,varikin,Duala_dual1243.txt,,,,
v_dumaduma1253,Duma,duma1253,Duma,dma,Africa,-0.91927,13.0046,Atlantic-Congo,Duma_duma1253,varikin,Duma_duma1253.txt,,,,
v_easterislandersrapa1244,Rapanui,rapa1244,Rapanui,rap,Papunesia,-27.113,-109.342,Austronesian,Easter_Islanders_rapa1244,varikin,Easter_Islanders_rapa1244.txt,,,,
v_ekondamongoekon1238,Ekonda Mongo,ekon1238,Ekonda Mongo,,Africa,,,Atlantic-Congo,Ekonda_Mongo_ekon1238,varikin,Ekonda_Mongo_ekon1238.txt,,,,
v_ellicetuva1244,Tuvalu,tuva1244,Tuvalu,tvl,Papunesia,-8.520813,179.198088,Austronesian,Ellice_tuva1244,varikin,Ellice_tuva1244.txt,,,,
v_fangegfang1246,Fang (Equatorial Guinea),fang1246,Fang (Equatorial Guinea),fan,Africa,1.723965,11.61454,Atlantic-Congo,Fang_EG_fang1246,varikin,Fang_EG_fang1246.txt,,,,
v_fefefefe1239,Fe'fe',fefe1239,Fe'fe',fmp,Africa,5.18158,10.1442,Atlantic-Congo,Fefe_fefe1239,varikin,Fefe_fefe1239.txt,,,,
v_fipafipa1238,Fipa,fipa1238,Fipa,fip,Africa,-7.88963,31.3442,Atlantic-Congo,Fipa_fipa1238,varikin,Fipa_fipa1238.txt,,,,
v_futunanseast2447,East Futuna,east2447,East Futuna,fud,Papunesia,-14.278717,-178.137222,Austronesian,Futunans_east2447,varikin,Futunans_east2447.txt,,,,
v_gandagand1255,Ganda,gand1255,Ganda,lug,Africa,0.66884,32.15153,Atlantic-Congo,Ganda_gand1255,varikin,Ganda_gand1255.txt,,,,
v_giryamagiry1241,Giryama,giry1241,Giryama,nyf,Africa,-3.30638,39.6648,Atlantic-Congo,Giryama_giry1241,varikin,Giryama_giry1241.txt,,,,
v_gogogogo1263,Gogo,gogo1263,Gogo,gog,Africa,-6.35951,35.4807,Atlantic-Congo,Gogo_gogo1263,varikin,Gogo_gogo1263.txt,,,,
v_gusiigusi1247,Gusii,gusi1247,Gusii,guz,Africa,-0.78872,34.76751,Atlantic-Congo,Gusii_gusi1247,varikin,Gusii_gusi1247.txt,,,,
v_hahaaa1252,Ha,haaa1252,Ha,haq,Africa,-3.77873,30.4894,Atlantic-Congo,Ha_haaa1252,varikin,Ha_haaa1252.txt,,,,
v_hausahaus1257,Hausa,haus1257,Hausa,hau,Africa,11.1513,8.7804,Afro-Asiatic,Hausa_haus1257,varikin,Hausa_haus1257.txt,,,,
v_hawaiianshawa1245,Hawaiian,hawa1245,Hawaiian,haw,Papunesia,19.6297,-155.43,Austronesian,Hawaiians_hawa1245,varikin,Hawaiians_hawa1245.txt,,,,
v_hayahaya1250,Haya,haya1250,Haya,hay,Africa,-1.70878,31.4846,Atlantic-Congo,Haya_haya1250,varikin,Haya_haya1250.txt,,,,
v_hehehehe1240,Hehe,hehe1240,Hehe,heh,Africa,-7.71572,35.7255,Atlantic-Congo,Hehe_hehe1240,varikin,Hehe_hehe1240.txt,,,,
v_hererohere1253,Herero,here1253,Herero,her,Africa,-21.0231,20.5655,Atlantic-Congo,Herero_here1253,varikin,Herero_here1253.txt,,,,
v_ifaluknuclearwoleaiannucl1479,Nuclear Woleaian,nucl1479,Nuclear Woleaian,,Papunesia,,,Austronesian,Ifaluk_Nuclear_Woleaian__nucl1479,varikin,Ifaluk_Nuclear_Woleaian__nucl1479.txt,,,,
v_igbonucl1417,Igbo,nucl1417,Igbo,ibo,Africa,4.62705,7.23441,Atlantic-Congo,Igbo_nucl1417,varikin,Igbo_nucl1417.txt,,,,
v_ignacianoigna1246,Ignaciano,igna1246,Ignaciano,ign,South America,-15.1188,-65.3993,Arawakan,Ignaciano_igna1246,varikin,Ignaciano_igna1246.txt,,,,
v_kagulukagu1239,Kagulu,kagu1239,Kagulu,kki,Africa,-6.38204,37.0534,Atlantic-Congo,Kagulu_kagu1239,varikin,Kagulu_kagu1239.txt,,,,
v_kambakamb1297,Kamba (Kenya),kamb1297,Kamba (Kenya),kam,Africa,-1.60827,37.9532,Atlantic-Congo,Kamba_kamb1297,varikin,Kamba_kamb1297.txt,,,,
v_kankanaynort2877,Northern Kankanay,nort2877,Northern Kankanay,xnn,Papunesia,17.1057,120.786,Austronesian,Kankanay_nort2877,varikin,Kankanay_nort2877.txt,,,,
v_kaondekaon1241,Kaonde,kaon1241,Kaonde,kqn,Africa,-12.4129,25.7646,Atlantic-Congo,Kaonde_kaon1241,varikin,Kaonde_kaon1241.txt,,,,
v_kapingamarangikapi1249,Kapingamarangi,kapi1249,Kapingamarangi,kpg,Papunesia,1.039166,154.797223,Austronesian,Kapingamarangi_kapi1249,varikin,Kapingamarangi_kapi1249.txt,,,,
v_kelekele1257,Kélé,kele1257,Kélé,keb,Africa,-0.78854,10.3836,Atlantic-Congo,Kélé_kele1257,varikin,Kélé_kele1257.txt,,,,
v_kerewekere1283,Kerewe,kere1283,Kerewe,ked,Africa,-2.09315,33.5326,Atlantic-Congo,Kerewe_kere1283,varikin,Kerewe_kere1283.txt,,,,
v_kikuyukiku1240,Kikuyu,kiku1240,Kikuyu,kik,Africa,-0.29005,36.719,Atlantic-Congo,Kikuyu_kiku1240,varikin,Kikuyu_kiku1240.txt,,,,
v_kodikodi1247,Kodi-Gaura,kodi1247,Kodi-Gaura,kod,Papunesia,-9.6373,119.114,Austronesian,Kodi_kodi1247,varikin,Kodi_kodi1247.txt,,,,
v_komkomc1235,Kom (Cameroon),komc1235,Kom (Cameroon),bkm,Africa,6.2596,10.3348,Atlantic-Congo,Kom_komc1235,varikin,Kom_komc1235.txt,,,,
v_komodrckomo1260,Komo (Democratic Republic of Congo),komo1260,Komo (Democratic Republic of Congo),kmw,Africa,-0.76333,26.7144,Atlantic-Congo,Komo_DRC__komo1260,varikin,Komo_DRC__komo1260.txt,,,,
v_kotakota1274,Kota (Gabon),kota1274,Kota (Gabon),koq,Africa,1.016,13.97,Atlantic-Congo,Kota_kota1274,varikin,Kota_kota1274.txt,,,,
v_kwasiokwas1243,Kwasio,kwas1243,Kwasio,nmg,Africa,2.39354,10.0812,Atlantic-Congo,Kwasio_kwas1243,varikin,Kwasio_kwas1243.txt,,,,
v_kwerekwer1261,Kwere,kwer1261,Kwere,cwe,Africa,-6.50666,38.4449,Atlantic-Congo,Kwere_kwer1261,varikin,Kwere_kwer1261.txt,,,,
v_lalabisalala1264,Lala-Bisa,lala1264,Lala-Bisa,leb,Africa,-12.945,30.2297,Atlantic-Congo,Lala_Bisa_lala1264,varikin,Lala_Bisa_lala1264.txt,,,,
v_lambalamb1271,Lamba,lamb1271,Lamba,lam,Africa,-12.3366,27.9026,Atlantic-Congo,Lamba_lamb1271,varikin,Lamba_lamb1271.txt,,,,
v_langilang1320,Langi,lang1320,Langi,lag,Africa,-4.71413,35.9517,Atlantic-Congo,Langi_lang1320,varikin,Langi_lang1320.txt,,,,
v_laufijianlaua1243,Lauan,laua1243,Lauan,llx,Papunesia,-18.2131,-178.785,Austronesian,Lau_Fijian_laua1243,varikin,Lau_Fijian_laua1243.txt,,,,
v_lingalaling1263,Kinshasa Lingala,ling1263,Kinshasa Lingala,lin,Africa,-4.409174,15.28532,Atlantic-Congo,Lingala_ling1263,varikin,Lingala_ling1263.txt,,,,
v_lozilozi1239,Lozi,lozi1239,Lozi,loz,Africa,-17.7052,24.7398,Atlantic-Congo,Lozi_lozi1239,varikin,Lozi_lozi1239.txt,,,,
v_lubakatangaluba1250,Luba-Katanga,luba1250,Luba-Katanga,lub,Africa,-8.2816,25.8918,Atlantic-Congo,Luba_Katanga_luba1250,varikin,Luba_Katanga_luba1250.txt,,,,
v_lubalulualuba1249,Luba-Lulua,luba1249,Luba-Lulua,lua,Africa,-5.72717,22.4422,Atlantic-Congo,Luba_Lulua_luba1249,varikin,Luba_Lulua_luba1249.txt,,,,
v_lubuagankalingalubu1243,Lubuagan Kalinga,lubu1243,Lubuagan Kalinga,knb,Papunesia,17.3879,121.0365,Austronesian,Lubuagan_Kalinga_lubu1243,varikin,Lubuagan_Kalinga_lubu1243.txt,,,,
v_lugurulugu1238,Luguru,lugu1238,Luguru,ruf,Africa,-6.86828,37.5557,Atlantic-Congo,Luguru_lugu1238,varikin,Luguru_lugu1238.txt,,,,
v_lundalund1266,Lunda,lund1266,Lunda,lun,Africa,-11.1793,23.8662,Atlantic-Congo,Lunda_lund1266,varikin,Lunda_lund1266.txt,,,,
v_luvaleluva1239,Luvale,luva1239,Luvale,lue,Africa,-13.5382,22.2924,Atlantic-Congo,Luvale_luva1239,varikin,Luvale_luva1239.txt,,,,
v_makondemako1251,Makonde,mako1251,Makonde,kde,Africa,-10.9906,39.5133,Atlantic-Congo,Makonde_mako1251,varikin,Makonde_mako1251.txt,,,,
v_mangarevansmang1401,Mangareva,mang1401,Mangareva,mrv,Papunesia,-23.1095,-134.97,Austronesian,Mangarevans_mang1401,varikin,Mangarevans_mang1401.txt,,,,
v_maorimaor1246,Māori,maor1246,Maori,mri,Papunesia,-38.2881,176.541,Austronesian,Māori_maor1246,varikin,Māori_maor1246.txt,,,,
v_masaabamasa1299,Masaaba,masa1299,Masaaba,myx,Africa,1.05906,34.2829,Atlantic-Congo,Masaaba_masa1299,varikin,Masaaba_masa1299.txt,,,,
v_mashcopiromash1270,Mashco Piro,mash1270,Mashco Piro,cuj,South America,-11.4745,-70.7953,Arawakan,Mashco_Piro_mash1270,varikin,Mashco_Piro_mash1270.txt,,,,
v_mbalambal1257,Mbala,mbal1257,Mbala,mdp,Africa,-5.11888,18.041,Atlantic-Congo,Mbala_mbal1257,varikin,Mbala_mbal1257.txt,,,,
v_mberember1257,Mbere,mber1257,Mbere,mdt,Africa,-0.477445,14.2877,Atlantic-Congo,Mbere_mber1257,varikin,Mbere_mber1257.txt,,,,
v_mbuunmpuo1241,Mbuun,mpuo1241,Mbuun,zmp,Africa,-5.21134,19.4269,Atlantic-Congo,Mbuun_mpuo1241,varikin,Mbuun_mpuo1241.txt,,,,
v_mekeomeke1243,Mekeo,meke1243,Mekeo,mek,Papunesia,-8.23853,146.586,Austronesian,Mekeo_meke1243,varikin,Mekeo_meke1243.txt,,,,
v_merumeru1245,Meru,meru1245,Meru,mer,Africa,0.26484,37.7396,Atlantic-Congo,Meru_meru1245,varikin,Meru_meru1245.txt,,,,
v_metameta1238,Meta',meta1238,Meta',mgo,Africa,5.88942,9.87416,Atlantic-Congo,Meta_meta1238,varikin,Meta_meta1238.txt,,,,
v_mokpwemokp1239,Mokpwe,mokp1239,Mokpwe,bri,Africa,4.24178,9.23887,Atlantic-Congo,Mokpwe_mokp1239,varikin,Mokpwe_mokp1239.txt,,,,
v_mongomong1338,Mongo,mong1338,Mongo,lol,Africa,-1.54228,20.4259,Atlantic-Congo,Mongo_mong1338,varikin,Mongo_mong1338.txt,,,,
v_mungakamung1266,Mungaka,mung1266,Mungaka,mhk,Africa,5.89752,10.0294,Atlantic-Congo,Mungaka_mung1266,varikin,Mungaka_mung1266.txt,,,,
v_myenemyen1241,Myene,myen1241,Myene,mye,Africa,-1.48741,9.50247,Atlantic-Congo,Myene_myen1241,varikin,Myene_myen1241.txt,,,,
v_ndumundum1239,Ndumu,ndum1239,Ndumu,nmd,Africa,-1.67033,13.7279,Atlantic-Congo,Ndumu_ndum1239,varikin,Ndumu_ndum1239.txt,,,,
v_ngombebinjabinj1250,Binja,binj1250,Binja,,Africa,,,Atlantic-Congo,Ngombe_Binja_binj1250,varikin,Ngombe_Binja_binj1250.txt,,,,
v_ngoningon1269,Ngoni,ngon1269,Ngoni,ngo,Africa,-11.7794,37.4118,Atlantic-Congo,Ngoni_ngon1269,varikin,Ngoni_ngon1269.txt,,,,
v_ngulungul1246,Ngulu,ngul1246,Ngulu,ngp,Africa,-5.79734,37.6823,Atlantic-Congo,Ngulu_ngul1246,varikin,Ngulu_ngul1246.txt,,,,
v_niueansniue1239,Niuean,niue1239,Niuean,niu,Papunesia,-19.06,-169.86,Austronesian,Niueans_niue1239,varikin,Niueans_niue1239.txt,,,,
v_njebinjeb1242,Njebi,njeb1242,Njebi,nzb,Africa,-2.18115,12.7063,Atlantic-Congo,Njebi_njeb1242,varikin,Njebi_njeb1242.txt,,,,
v_northmarquesannort2845,North Marquesan,nort2845,North Marquesan,mrq,Papunesia,-8.89412,-140.108,Austronesian,North_Marquesan_nort2845,varikin,North_Marquesan_nort2845.txt,,,,
v_nsongsong1299,Nsong,song1299,Nsong,soo,Africa,-4.55057,18.4978,Atlantic-Congo,Nsong_song1299,varikin,Nsong_song1299.txt,,,,
v_nyakyusanyak1260,Nyakyusa-Ngonde,nyak1260,Nyakyusa-Ngonde,nyy,Africa,-9.71018,33.7763,Atlantic-Congo,Nyakyusa_nyak1260,varikin,Nyakyusa_nyak1260.txt,,,,
v_nyoronyor1246,Nyoro,nyor1246,Nyoro,nyo,Africa,0.95294,31.3493,Atlantic-Congo,Nyoro_nyor1246,varikin,Nyoro_nyor1246.txt,,,,
v_oduoduu1239,O'du,oduu1239,O'du,tyh,Eurasia,19.3497,104.106,Austroasiatic,O_du_oduu1239,varikin,O_du_oduu1239.txt,,,,
v_oldaramaicolda1245,Old Aramaic-Sam'alian,olda1245,Old Aramaic-Sam'alian,oar,Eurasia,32.84,37,Afro-Asiatic,Old_Aramaic_olda1245,varikin,Old_Aramaic_olda1245.txt,,,,
v_ontongjavaonto1237,Luangiua,onto1237,Luangiua,ojv,Papunesia,-5.49029,159.701,Austronesian,Ontong_Java_onto1237,varikin,Ontong_Java_onto1237.txt,,,,
v_orokoorok1266,Oroko,orok1266,Oroko,bdu,Africa,4.89504,9.15209,Atlantic-Congo,Oroko_orok1266,varikin,Oroko_orok1266.txt,,,,
v_phendephen1239,Phende,phen1239,Phende,pem,Africa,-5.64735,19.8275,Atlantic-Congo,Phende_phen1239,varikin,Phende_phen1239.txt,,,,
v_pinjipinj1243,Pinji,pinj1243,Pinji,pic,Africa,-1.90305,11.223,Atlantic-Congo,Pinji_pinj1243,varikin,Pinji_pinj1243.txt,,,,
v_pokomopoko1261,Pokomo,poko1261,Pokomo,pkb,Africa,-2.31587,40.2897,Atlantic-Congo,Pokomo_poko1261,varikin,Pokomo_poko1261.txt,,,,
v_polcipolc1243,Polci,polc1243,Polci,plj,Africa,10.0258,9.53362,Afro-Asiatic,Polci_polc1243,varikin,Polci_polc1243.txt,,,,
v_praiphai1238,Prai,phai1238,Prai,prt,Eurasia,19.0383,101.218,Austroasiatic,Prai_phai1238,varikin,Prai_phai1238.txt,,,,
v_punupunu1239,Punu,punu1239,Punu,puu,Africa,-2.67362,11.6714,Atlantic-Congo,Punu_punu1239,varikin,Punu_punu1239.txt,,,,
v_rundirund1242,Rundi,rund1242,Rundi,run,Africa,-2.94,29.97,Atlantic-Congo,Rundi_rund1242,varikin,Rundi_rund1242.txt,,,,
v_sakatasaka1287,Sakata,saka1287,Sakata,skt,Africa,-2.85653,17.9669,Atlantic-Congo,Sakata_saka1287,varikin,Sakata_saka1287.txt,,,,
v_sakesake1247,Sake,sake1247,Sake,sak,Africa,0.25188,11.787,Atlantic-Congo,Sake_sake1247,varikin,Sake_sake1247.txt,,,,
v_sangosang1331,Sanga (Democratic Republic of Congo),sang1331,Sanga (Democratic Republic of Congo),sng,Africa,-10.0236,26.8462,Atlantic-Congo,Sango_sang1331,varikin,Sango_sang1331.txt,,,,
v_sangusang1333,Sangu (Gabon),sang1333,Sangu (Gabon),snq,Africa,-1.52694,11.9098,Atlantic-Congo,Sangu_sang1333,varikin,Sangu_sang1333.txt,,,,
v_sangutanzaniasang1330,Sangu (Tanzania),sang1330,Sangu (Tanzania),sbp,Africa,-8.4,33.9,Atlantic-Congo,Sangu_Tanzania__sang1330,varikin,Sangu_Tanzania__sang1330.txt,,,,
v_sansalvadorkongosans1272,Cimbala-Cizali,sans1272,Cimbala-Cizali,kwy,Africa,-5.33539,13.3587,Atlantic-Congo,San_Salvador_Kongo_sans1272,varikin,San_Salvador_Kongo_sans1272.txt,,,,
v_sekiseki1238,Seki,seki1238,Seki,syi,Africa,1.52302,9.79206,Atlantic-Congo,Seki_seki1238,varikin,Seki_seki1238.txt,,,,
v_shishii1238,Shi,shii1238,Shi,shr,Africa,-2.55777,28.6122,Atlantic-Congo,Shi_shii1238,varikin,Shi_shii1238.txt,,,,
v_shonashon1251,Shona,shon1251,Shona,sna,Africa,-17.20849,29.75725,Atlantic-Congo,Shona_shon1251,varikin,Shona_shon1251.txt,,,,
v_sirasira1266,Sira,sira1266,Sira,swj,Africa,-1.78084,10.4635,Atlantic-Congo,Sira_sira1266,varikin,Sira_sira1266.txt,,,,
v_sogasoga1242,Soga,soga1242,Soga,xog,Africa,0.40456,33.3942,Atlantic-Congo,Soga_soga1242,varikin,Soga_soga1242.txt,,,,
v_songoorasong1300,Songoora,song1300,Songoora,sod,Africa,-2.21871,26.3477,Atlantic-Congo,Songoora_song1300,varikin,Songoora_song1300.txt,,,,
v_sukumasuku1261,Sukuma,suku1261,Sukuma,suk,Africa,-3.16082,32.8765,Atlantic-Congo,Sukuma_suku1261,varikin,Sukuma_suku1261.txt,,,,
v_sukusuku1259,Suku,suku1259,Suku,sub,Africa,-5.76495,17.7736,Atlantic-Congo,Suku_suku1259,varikin,Suku_suku1259.txt,,,,
v_sumbwasumb1240,Sumbwa,sumb1240,Sumbwa,suw,Africa,-3.47335,31.9457,Atlantic-Congo,Sumbwa_sumb1240,varikin,Sumbwa_sumb1240.txt,,,,
v_suundisuun1239,Suundi,suun1239,Suundi,sdj,Africa,-4.58488,13.3212,Atlantic-Congo,Suundi_suun1239,varikin,Suundi_suun1239.txt,,,,
v_taabwashil1264,Shila,shil1264,Shila,,Africa,,,Atlantic-Congo,Taabwa_shil1264,varikin,Taabwa_shil1264.txt,,,,
v_temitemi1247,Temi,temi1247,Temi,soz,Africa,-2.19303,35.8035,Atlantic-Congo,Temi_temi1247,varikin,Temi_temi1247.txt,,,,
v_tetelatete1250,Tetela,tete1250,Tetela,tll,Africa,-4.29314,24.546,Atlantic-Congo,Tetela_tete1250,varikin,Tetela_tete1250.txt,,,,
v_tivtivv1240,Tiv,tivv1240,Tiv,tiv,Africa,6.88039,9.26287,Atlantic-Congo,Tiv_tivv1240,varikin,Tiv_tivv1240.txt,,,,
v_tonganyasatong1321,Tonga (Nyasa),tong1321,Tonga (Nyasa),tog,Africa,-12.0816,34.0613,Atlantic-Congo,Tonga_Nyasa__tong1321,varikin,Tonga_Nyasa__tong1321.txt,,,,
v_toorotoor1238,Tooro,toor1238,Tooro,ttj,Africa,0.57291,30.6389,Atlantic-Congo,Tooro_toor1238,varikin,Tooro_toor1238.txt,,,,
v_trinitariotrin1274,Trinitario,trin1274,Trinitario,trn,South America,-15.3331,-65.4096,Arawakan,Trinitario_trin1274,varikin,Trinitario_trin1274.txt,,,,
v_tsaangitsaa1242,Tsaangi,tsaa1242,Tsaangi,tsa,Africa,-2.29245,12.7581,Atlantic-Congo,Tsaangi_tsaa1242,varikin,Tsaangi_tsaa1242.txt,,,,
v_tsogotsog1243,Tsogo,tsog1243,Tsogo,tsv,Africa,-1.55469,11.1359,Atlantic-Congo,Tsogo_tsog1243,varikin,Tsogo_tsog1243.txt,,,,
v_tsongatson1249,Tsonga,tson1249,Tsonga,tso,Africa,-23.5754,31.8105,Atlantic-Congo,Tsonga_tson1249,varikin,Tsonga_tson1249.txt,,,,
v_tswanatswa1253,Tswana,tswa1253,Tswana,tsn,Africa,-24.368,24.7587,Atlantic-Congo,Tswana_tswa1253,varikin,Tswana_tswa1253.txt,,,,
v_umbunduumbu1257,Umbundu,umbu1257,Umbundu,umb,Africa,-12.4763,14.4148,Atlantic-Congo,Umbundu_umbu1257,varikin,Umbundu_umbu1257.txt,,,,
v_vendavend1245,Venda,vend1245,Venda,ven,Africa,-22.188,29.9523,Atlantic-Congo,Venda_vend1245,varikin,Venda_vend1245.txt,,,,
v_vilivili1238,Vili,vili1238,Vili,vif,Africa,-4.06716,11.3804,Atlantic-Congo,Vili_vili1238,varikin,Vili_vili1238.txt,,,,
v_wapishanawapi1253,Wapishana,wapi1253,Wapishana,wap,South America,2.58744,-59.8021,Arawakan,Wapishana_wapi1253,varikin,Wapishana_wapi1253.txt,,,,
v_waurawaur1244,Waurá,waur1244,Waurá,wau,South America,-13.296,-53.6971,Arawakan,Waurá_waur1244,varikin,Waurá_waur1244.txt,,,,
v_wayuuwayu1243,Wayuu,wayu1243,Wayuu,guc,South America,11.395566,-72.199791,Arawakan,Wayuu_wayu1243,varikin,Wayuu_wayu1243.txt,,,,
v_wiyotwiyo1248,Wiyot,wiyo1248,Wiyot,wiy,North America,39.2492,-122.952,Algic,Wiyot_wiyo1248,varikin,Wiyot_wiyo1248.txt,,,,
v_yakacaryaka1272,Yaka (Central African Republic),yaka1272,Yaka (Central African Republic),axk,Africa,3.6515,17.2713,Atlantic-Congo,Yaka_CAR__yaka1272,varikin,Yaka_CAR__yaka1272.txt,,,,
v_yakapelendelonzoyaka1269,Yaka-Pelende-Lonzo,yaka1269,Yaka-Pelende-Lonzo,yaf,Africa,-6.93964,16.9965,Atlantic-Congo,Yaka_Pelende_Lonzo_yaka1269,varikin,Yaka_Pelende_Lonzo_yaka1269.txt,,,,
v_yansiyans1239,Yansi,yans1239,Yansi,yns,Africa,-3.8231,18.2341,Atlantic-Congo,Yansi_yans1239,varikin,Yansi_yans1239.txt,,,,
v_yaoyaoo1241,Yao,yaoo1241,Yao,yao,Africa,-13.6119,35.2387,Atlantic-Congo,Yao_yaoo1241,varikin,Yao_yaoo1241.txt,,,,
v_yaviteroyavi1244,Yavitero,yavi1244,Yavitero,yvt,South America,2.800281,-68.084219,Arawakan,Yavitero_yavi1244,varikin,Yavitero_yavi1244.txt,,,,
v_yombeyomb1244,Yombe,yomb1244,Yombe,yom,Africa,-4.86227,12.6362,Atlantic-Congo,Yombe_yomb1244,varikin,Yombe_yomb1244.txt,,,,
v_yurokyuro1248,Yurok,yuro1248,Yurok,yur,North America,41.3262,-123.824,Algic,Yurok_yuro1248,varikin,Yurok_yuro1248.txt,,,,
v_zigulazigu1242,Zigula,zigu1242,Zigula,,Africa,-5.61864,38.4114,Atlantic-Congo,Zigula_zigu1242,varikin,Zigula_zigu1242.txt,,,,
v_zinzazinz1238,Zinza,zinz1238,Zinza,zin,Africa,-2.64132,32.1755,Atlantic-Congo,Zinza_zinz1238,varikin,Zinza_zinz1238.txt,,,,
v_zuluzulu1248,Zulu,zulu1248,Zulu,zul,Africa,-28.9,30.2,Atlantic-Congo,Zulu_zulu1248,varikin,Zulu_zulu1248.txt,,,,
v_northernojibwanort2961,Northern Ojibwa,nort2961,Northwestern Ojibwa,obj,North America,51.62,-87.79,Algic,Northern_Ojibwa_nort2961,varikin,Northern_Ojibwa_nort2961.txt,,,,
v_ottowaojibwaotta1242,Ottowa Ojibwa,otta1242,Ottawa,otw,North America,44.6,-83.23,Algic,Ottowa_Ojibwa_otta1242,varikin,Ottowa_Ojibwa_otta1242.txt,,20200715,"Could be ottowa ojibwa, or central ojibwa. The source is unclear. Ottowa's geographic location in Glottolog is closer to the description in the original source",
p_lebanesearabicstan1323,Standard Lebanese Arabic,stan1323,Standard Lebanese Arabic,,Eurasia,34.17,36.05,Afro-Asiatic,Lebanese_Arabic_stan1323,parabank,Lebanese_Arabic_stan1323.csv,,,,
v_keikeii1239,Kei,keii1239,Kei,kei,Papunesia,-5.64,133.02,Austronesian,Kei_keii1239,varikin,Kei_keii1239.csv,,,,
v_fordataford1242,Fordata,ford1242,Fordata,frd,Papunesia,-7.29,131.51,Austronesian,Fordata_ford1242,varikin,Fordata_ford1242.csv,,,,
